{
	"class_name" : "PinholeCameraParameters",
	"extrinsic" : 
	[
		0.99924381933838369,
		0.011173208733712348,
		0.037241763124652487,
		0.0,
		-0.0070588415032975457,
		-0.8897742989611529,
		0.4563462168845277,
		0.0,
		0.038235615212405774,
		-0.4562640204035181,
		-0.88902259893354052,
		0.0,
		-1275.599467833433,
		600.13436180455767,
		1561.4488332333046,
		1.0
	],
	"intrinsic" : 
	{
		"height" : 1061,
		"intrinsic_matrix" : 
		[
			918.85295341528945,
			0.0,
			0.0,
			0.0,
			918.85295341528945,
			0.0,
			959.5,
			530.0,
			1.0
		],
		"width" : 1920
	},
	"version_major" : 1,
	"version_minor" : 0
}